Primary Theme,Media Views,Visitors,New Visit Rate %,Entries,Exits,Returning Visits,Bounces,Avg Play Duration (s),Total Play Duration (s),Engagement per Visitor,Acquisition Rate,Retention Rate,norm_Engagement per Visitor,norm_Acquisition Rate,norm_Retention Rate,Recommendation
humour,1978243.0,3488910.0,21.48784297520661,3108811.0,3259643.0,3557890.0,3068186.0,892.3648760330578,593055817.9200011,169.9831230728225,0.8910550859724097,1.0197712179448595,1.0,0.0,0.6629343396968801,Increase production
info,19485220.0,38205281.0,25.80205058456882,35074348.0,35980832.0,37613579.0,34835649.0,366.4662139035506,1184314865.5200007,30.998721499260814,0.9180497324440566,0.9845125599259432,0.05963519622359174,0.2754150675367758,0.0,Review and optimize
musique,3813644.0,8263908.0,33.29478790228771,8144485.0,8130209.0,8250391.0,7975125.0,1417.4679333074835,572089404.7000003,69.2274653469037,0.9855488468651877,0.998364333194416,0.31828987113601487,0.9640802507053768,0.2604414541370038,Maintain
societe,1339877.0,2520070.0,31.962236806125237,2359456.0,2354937.0,2531951.0,2286187.0,949.4112660650807,354931702.08000034,140.84200124599727,0.9362660561016162,1.0047145515799165,0.8028319365464698,0.4612685854069965,0.37983844962288543,Cross-promote
sport,418086.0,881021.0,26.935493257629524,871391.0,863724.0,914234.0,865753.0,531.583392476934,19545218.0,22.184735664643636,0.9890695000459694,1.0376983068508014,0.0,1.0,1.0,Review and optimize
